Title,URL,Views,Channel,Uploaded,Description,Thumbnail
"Billie Eilish: Same Interview, The Fifth Year | Vanity Fair",https://www.youtube.com/watch?v=_wNsZEqpKUA,3.3M views,Vanity Fair,19 hours ago,"""I'm so much more open to stuff now."" On the verge of 100 million followers, Billie Eilish is ready to step back into the world as the most comfortable version of herself. Filled with new life...",https://i.ytimg.com/vi/_wNsZEqpKUA/hqdefault.jpg?sqp=-oaymwEcCPYBEIoBSFXyq4qpAw4IARUAAIhCGAFwAcABBg==&rs=AOn4CLDg1rSssxGPzAGOPsWe4ZOijff2tA
Redneck vs Fancy Whiskey Glass,https://www.youtube.com/watch?v=2jfbXZiE6Lc,2.7M views,Drew Talbert,1 day ago,I‚Äôm just shocked Brad was able to sell him in that $20 hooch Co-write w/ Andrea Kelley,https://i.ytimg.com/vi/2jfbXZiE6Lc/hqdefault.jpg?sqp=-oaymwEcCPYBEIoBSFXyq4qpAw4IARUAAIhCGAFwAcABBg==&rs=AOn4CLA7SJIX7Y0LFpd5Ya6QC2EwRGkMZw
Is Meat Really that Bad?,https://www.youtube.com/watch?v=F1Hq8eVOMHs,2M views,Kurzgesagt ‚Äì In a Nutshell,21 hours ago,"The first 1,000 people to use this link will get a 1 month free trial of Skillshare: https://skl.sh/kurzgesagtinanutshell11211 Sources & further reading: https://sites.google.com/view/sources-clim...",https://i.ytimg.com/vi/F1Hq8eVOMHs/hqdefault.jpg?sqp=-oaymwEcCPYBEIoBSFXyq4qpAw4IARUAAIhCGAFwAcABBg==&rs=AOn4CLCKGDw7hgBV5VkAu3TPgtVkuq7j-Q
dhruv - double take (Official Video),https://www.youtube.com/watch?v=R8FHtIhWqNo,7.6M views,dhruv,2 months ago,Follow dhruv: Instagram: https://www.instagram.com/dhrvie/ Facebook: https://www.facebook.com/dhrvie/ Twitter: https://twitter.com/dhrvie Directed by: Aboveground Produced by: Samuel Taylor...,https://i.ytimg.com/vi/R8FHtIhWqNo/hqdefault.jpg?sqp=-oaymwEcCPYBEIoBSFXyq4qpAw4IARUAAIhCGAFwAcABBg==&rs=AOn4CLDZPyVwRPrgjVk5OkbFUBJ2ZaD0og
Things Get Strange With The UnderTaker | Cold as Balls | Laugh Out Loud Network,https://www.youtube.com/watch?v=GQXVQmcGQUY,941K views,LOL Network,20 hours ago,"#PoweredByOldSpice Thought by many as one of the greatest #WWE wrestlers of all time; the #Undertaker gets into the ice-cold tub to chat with #KevinHart about his legacy of wrestling, plus...",
People Pleasers at a Restaurant,https://www.youtube.com/watch?v=n4XojTb6pfs,363K views,Drew Talbert,19 hours ago,I apologize for existing - please throw me out Co-write w/ Andrea Kelley #peoplepleasing #bistrohuddy #serverlife #restaurantlife #bartenderlife #funnyshorts #comedyshorts #socialanxiety...,
Halo Infinite | Campaign Launch Trailer,https://www.youtube.com/watch?v=PyMlV5_HRWk,753K views,HALO,19 hours ago,"When all hope is lost and humanity‚Äôs fate hangs in the balance, the Master Chief is ready to confront the most ruthless foe he‚Äôs ever faced. Step inside the armor of humanity‚Äôs greatest...",
why can't you curse? #shorts,https://www.youtube.com/watch?v=qQsHZ87Q8uI,833K views,Alex Griswold,19 hours ago,,
"Slay It Don‚Äôt Spray It w/ Ariana Grande, Kelly Clarkson, Blake Shelton & John Legend | That‚Äôs My Jam",https://www.youtube.com/watch?v=wUDbxd54lnw,1.2M views,The Tonight Show Starring Jimmy Fallon,21 hours ago,"Jimmy Fallon hosts the ultimate karaoke party! Ariana Grande, Blake Shelton, Kelly Clarkson and John Legend go lyric for lyric in the hilarious game of Slay It Don‚Äôt Spray It. ABOUT THAT‚ÄôS...",
Minecraft Caves & Cliffs Update: Part II - Official Trailer,https://www.youtube.com/watch?v=vdrn4ouZRvQ,1.5M views,Minecraft,20 hours ago,"Scale bigger mountains, unearth elaborate caves, and mine large ore veins in Part II of the Caves & Cliffs Update! Discover lush cave and dripstone cave biomes, increased world height, and...",
Imagine vaping ü§° üòÇ,https://www.youtube.com/watch?v=5Gfea7nHKO0,4.5M views,ecomedyethann,1 day ago,#explore #viral #tiktok,
KAI Ïπ¥Ïù¥ 'Peaches' MV,https://www.youtube.com/watch?v=GUdnTGnm6Yk,5.8M views,SMTOWN,1 day ago,"KAI's 2nd mini album ""Peaches"" is out! Listen and download on your favorite platform: https://smarturl.it/KAI_Peaches [Tracklist] 01 Peaches 02 Vanilla 03 Domino 04 Come In 05 To Be Honest...",
Gatillero 23 ‚ùå Rochy RD ‚ùå Cosculluela - La Prenda (Remix),https://www.youtube.com/watch?v=omp8EjBkJDM,565K views,Gatillero 23,19 hours ago,"Vulcano Music Entertainment & Venus Music presentan LA PRENDA (Remix) interpretado por Gatillero 23 en colaboraci√≥n con Rochy RD y Cosculluela, filmado en Santiago de los Caballeros, Rep√∫blica...",
World‚Äôs Sharpest Knife!,https://www.youtube.com/watch?v=ySXPnjStay4,7.6M views,Beast Reacts,1 day ago,Chris and I react to the greatest item hacks in the world! CHECK OUT THESE CHANNELS OR ELSE Experimental Fun https://www.youtube.com/watch?v=5ZchgU9KLOc Louis Weisz https://www.youtube.com/watc...,
Warframe | Official Cinematic Trailer 2021 | The New War: Expansion Story and Date Reveal,https://www.youtube.com/watch?v=Tua7aK6Y7NY,340K views,PlayWarframe,21 hours ago,"From the moment you awakened, all roads have led to this. Coming to all platforms on December 15, 2021, The New War heralds Warframe‚Äôs biggest cinematic expansion -- and the darkest chapter...",
A Week in My Life: I literally don't know where I live lol,https://www.youtube.com/watch?v=oHeks1Orpao,242K views,morgans vlogs,18 hours ago,Thank you Truebill for sponsoring this video!! Download Truebill for free here: http://truebill.com/morgan I'M SO EXCITED FOR VLOGMASSS AHHHHHH SEE YOU TOMORROW !!!! A playlist of Vlogmas...,
JAILBREAK [DREAM SMP FINALE],https://www.youtube.com/watch?v=WILFUrBhppA,5.4M views,Technoblade,Streamed 2 days ago,"breaking into a prison to save a weird green dude with powers, call me the mandalorian BUY MY MERCH: https://technoblade.com THUMBNAIL BY THE GREAT https://twitter.com/jester_u 0:00 COUNTDOWN...",
The Marvelous Mrs. Maisel Season 4 - Official Teaser | Prime Video,https://www.youtube.com/watch?v=tLhLRwvDA2c,525K views,Amazon Prime Video,22 hours ago,"It's 1960 and change is in the air. Looking to hone her act, Midge finds a gig with total creative freedom. But her commitment to her craft‚Äîand the places it takes her‚Äîcreates a rift between...",
Elementzz builds Iron Man in Minecraft?,https://www.youtube.com/watch?v=6_zAmS-920I,952K views,KJModsMinecraft,1 day ago,#shorts #minecraft #meme Elementzz builds Iron Man in Minecraft? @Elementzz has a pixel art build battle with me but builds a man ironing instead of iron man! He's such a funny goofy idiot!,
Why I Left Twitch.,https://www.youtube.com/watch?v=j4C7ugBXUkY,1M views,Mogul Mail,1 day ago,WATCH ME LIVE ‚ñ∫ ON YOUTUBE WOW LOL THATS WEIRD TO SAY follow me on twitter ‚ñ∫ https://www.twitter.com/ludwigahgren follow me on tiktok ‚ñ∫ https://www.tiktok.com/@ludwigahgren follow me...,
OFFLINETV RUINS THANKSGIVING DINNER,https://www.youtube.com/watch?v=t5wIYIT-9vo,1M views,OfflineTV,1 day ago,HAPPY BELATED THANKSGIVING!! Many thanks to our friends at Cosori! Their products are game changers to have around the house. Snag an air fryer on sale today at https://cosoripartners.com/OTVAirFry...,
Why Iraq is Dying,https://www.youtube.com/watch?v=rkZfmySToZk,453K views,RealLifeLore,20 hours ago,Get a year of both Nebula and Curiosity Stream for just 14.79 here: https://curiositystream.com/?coupon=reallifelore Watch the full companion video to this one about the wars of Saddam here:...,
Nardo Wick - Me or Sum (feat. Future & Lil Baby) [Official Audio],https://www.youtube.com/watch?v=olKxFg0j-Ow,424K views,Nardo Wick,1 day ago,Nardo Wick - Me or Sum (feat. Future & Lil Baby) [Official Audio] Stream/Download: https://NardoWick.lnk.to/MeOrSumID Who Is Nardo Wick - Out 12.3: http://whoisnardowick.com Subscribe: https://N...,
How Letters Get Named: ‚ÄúW‚Äù,https://www.youtube.com/watch?v=lVEgEm-VqXE,4.8M views,Loic Suberville,2 days ago,,
Shaq Goes Sneaker Shopping With Complex,https://www.youtube.com/watch?v=VfOtgxp4Fng,1M views,Complex,1 day ago,"Shaquille O‚ÄôNeal goes Sneaker Shopping with Complex‚Äôs Joe La Puma at A Ma Maniere in Atlanta and talks about signing to Reebok, starting his own sneaker brand, and the problems he‚Äôs dealt...",
Once again I attempt to add polish to LED holiday lights,https://www.youtube.com/watch?v=cQgcTkXacAc,261K views,Technology Connections,20 hours ago,"What a strange tradition. Links 'n' stuff: If any of you want to take a look a Tru-Tone's products, here's a link to their site. Unfortunately they're sold out of a lot as of the time of posting...",
Minecraft Snow Farm Tutorial #shorts,https://www.youtube.com/watch?v=Jg_qknT9wvE,744K views,Carbon Gaming,1 day ago,"Well, be showing you a tutorial on how to build an easy and simple snow farm in Minecraft 1.18. This snow farm can become automatic if you face the 2 snow layers and hold left click and press...",
FIGHT HIGHLIGHTS | Te√≥fimo L√≥pez vs. George Kambosos Jr.,https://www.youtube.com/watch?v=0avqY81npVU,3.7M views,DAZN Boxing,2 days ago,"Highlights of Te√≥fimo L√≥pez vs. George Kambosos Jr. from the Hulu Theater at Madison Square Garden in New York City, New York. Subscribe to our YouTube channel üëâ http://bit.ly/DAZNBoxingYouT...",
"Reacting To The Beatles ""Get Back"" Documentary",https://www.youtube.com/watch?v=qzihz9k2B1E,511K views,Rick Beato,1 day ago,"I recently watched the new Beatles documentary ""Get Back"" on Disney +. Here are my thoughts. üì¶ Cyber Monday Sale: Get all educational products I have ever created in ONE bundle for just...",
NEVER having them come over AGAIN!!!üôÉ | Louie‚Äôs Life,https://www.youtube.com/watch?v=07hU5YjP1aM,305K views,Louie's Life,1 day ago,Booking travel is cheaper on Hopper. Download Hopper through this link: https://hopper.onelink.me/365042763/louie . New users that sign up with my link will receive a $10 Carrot Cash reward...,
Couple Hands Casting #Shorts,https://www.youtube.com/watch?v=4SzCjAimwTs,8.3M views,Wood Mood,3 days ago,"Hollow wax arms are quick and easy to make. If you put in more time and effort, you can make a real candle. Don‚Äôt forget to subscribe and share with your friends! This activity is performed...",
LEO MESSI WINS 7TH BALLON D'OR (BALLON D'OR 2021) 7Ô∏è‚É£ üèÜ,https://www.youtube.com/watch?v=ETHUhf058N8,2.7M views,FC Barcelona,1 day ago,"Leo Messi has won yet another Ballon d‚ÄôOr. After a year in which France Football did not name a winner due to Covid-19, the Argentinian has been revealed as the world player of the year for...",
THE REAL REASON WHY WE DIDN'T GO WITH NELK...,https://www.youtube.com/watch?v=Oo76UJmBOPA,361K views,Bradley Martyn,1 day ago,Subscribe Here! https://www.youtube.com/bradleymartynonline?sub_confirmation=1 SUBSCRIBE TO MY PODCAST: https://www.youtube.com/channel/realrawtalk?sub_confirmation=1 SUBSCRIBE TO LIFE OF...,
Ashanti Proves Why She's The Lady Of Soul With A Medley Of Her Greatest Hits | Soul Train Awards '21,https://www.youtube.com/watch?v=mqDuiqThMZI,1.1M views,BETNetworks,2 days ago,"The 2021 Lady of Soul, Ashanti shut down the Soul Train Awards stage with performances of her greatest hits including ""Baby,"" ""Happy,"" ""Always On Time,"" ""The Way That I Love You,"" and so many...",
Things My Students Do That I Just Don‚Äôt Get pt. 24 #shorts,https://www.youtube.com/watch?v=jgC06N-fE5E,879K views,Mrs. Woolley in 5th,1 day ago,"Thank you so much for watching! üê≠üíú Don‚Äôt forget to like, comment, and subscribe so you don‚Äôt miss out of future videos! Become a member of the Woolley fam! üê≠MERCH: https://teespri...",
When Vegans see you Eating:,https://www.youtube.com/watch?v=5q4LyigvDKQ,809K views,spicyycam_,1 day ago,#short #shorts,
Smart or Cheating?,https://www.youtube.com/watch?v=x8Sdna-n-Xs,1M views,Score 90,1 day ago,"Follow us! ‚Ä¢ Instagram - https://instagram.com/score90 ‚Ä¢ TikTok - https://tiktok.com/@score90 Score 90 is a Swedish brand, founded in 2017. We produce some of the most entertaining content...",
These Clash Royale Noobs are interesting players‚Ä¶,https://www.youtube.com/watch?v=cfDVToaFESM,458K views,TobysClashRoyaleContent,1 day ago,This is clash royale fails shorts and clash royale funny moments episode #55 the show where I commentate over gameplay of #clashroyale #shorts #supercell stuff! Clash royale shorts,
‚ùÑ Winter Update! ‚ùÑ 8 NEW PETS! üê∫ Adopt Me! on Roblox,https://www.youtube.com/watch?v=pkeMw-1X8JQ,383K views,PlayAdoptMe,20 hours ago,"Ho, ho, ho, it's nearly December!! This means the Winter update is landing in Adopt Me with the Advent Calendar, 8 new pets, and brand new minigames TOMORROW (12/1) at: üïó 8AM PT üïö 11AM...",
sapnap lore vs techno's keyboard,https://www.youtube.com/watch?v=k-DCrmQNkAA,392K views,Technothepig,1 day ago,147 wpm btw,
Message | The Book of Boba Fett | Disney+,https://www.youtube.com/watch?v=XCAlNWNbN5c,830K views,Star Wars,1 day ago,"‚ÄúThe Book of Boba Fett,‚Äù a thrilling Star Wars adventure teased in a surprise end-credit sequence following the Season 2 finale of ‚ÄúThe Mandalorian,‚Äù finds legendary bounty hunter Boba...",
I Am Old Now..,https://www.youtube.com/watch?v=AmCggyfL6kI,1M views,DanTDM,1 day ago,sub pls : http://bit.ly/TxtGm8 Follow Me : üê¶ http://www.twitter.com/DanTDM üì∑ http://www.instagram.com/DanTDM In This Video: 00:00 - The Memes Begin 00:15 - WHAT DID YOU DO?! 01:22 -...,
"Melle Mel, Gloria Gaynor, Cherrelle & More Join DJ Cassdiy To Perform Hits | Pass The Mic",https://www.youtube.com/watch?v=DpOlZsChW5M,198K views,Soul Train,1 day ago,"DJ Cassidy‚Äôs Pass the Mic: 2021 BET Soul Train Edition - DJ Cassidy passes the mic to some of his musical heroes to spread the love and perform classic hits. Artists include: Stephanie Mills,...",
MINECRAFT 1.18 OUT NOW! A Quick Summary + Release Recap,https://www.youtube.com/watch?v=BOeSk_6DnQI,165K views,wattles,19 hours ago,"Minecraft 1.18 Caves and Cliffs Part II is officially out! In this video we take a quick look at the most recent release candidates, take a quick look at the update, and talk announcements!...",
surprising our daughter with a trip to disneyland! not the reaction we expected ü§£,https://www.youtube.com/watch?v=JS5Z6iaLBg8,1.7M views,The J Family,8 days ago,,
Can I Use The Customers Water When Pressure Washing?,https://www.youtube.com/watch?v=j66p1e8MyZk,1.9M views,Forever Self Employed,2 days ago,,
OUR HOUSE STORY...,https://www.youtube.com/watch?v=Ud5xlPGK09w,3.3M views,The ACE Family,3 days ago,OUR HOUSE STORY... **ACE FAMILY MERCH HERE: shopacefamily.com LAST VIDEO: https://www.youtube.com/watch?v=STpi_bjI9v4 JOIN THE ACE FAMILY & SUBSCRIBE: http://bit.ly/THEACEFAMILY *TURN...,
EVEN MORE Characters Drawn In The Something Style,https://www.youtube.com/watch?v=n6RYWtHi97k,542K views,TerminalMontage,1 day ago,"Make sure you watch ""All Super Smash Bros Ultimate Characters Drawn in the Something Style"" first! https://www.youtube.com/watch?v=EZNl7OXVZnE I draw ALL the characters.. and then some extras!...",
Thoughts on No Nut November?üëÄ - Larry Wheels,https://www.youtube.com/watch?v=p8xl0HIEaVQ,2.2M views,Noel Deyzel,2 days ago,"@Larry Wheels RYSE Supplements (Use code ""NOEL"" for 15% off your purchase) My current stack: (restocked) Pre-workout: https://rysesupps.com/products/project-blackout-pre-workout Best tasting...",
What do you mean terminated?,https://www.youtube.com/watch?v=oeZsWL5zvRA,276K views,Neytirix,1 day ago,"The first 1,000 people to use this link will get a 1 month free trial of Skillshare: https://skl.sh/neytirix11211 PREVIOUS EPISODE - https://youtu.be/qatzB4sl_ow Merch! - https://neytirixs-hunter...",
Where Are Those Clips From,https://www.youtube.com/watch?v=aDH5gONTYOQ,209K views,Dan Povenmire,1 day ago,"A lot of people missed the ""Kee Kee Keee Keee"" episode.",
"$456,000 Squid Game In Real Life!",https://www.youtube.com/watch?v=0e3GPea1Tyg,130M views,MrBeast,6 days ago,MAKE SURE YOU WATCH UNTIL GLASS BRIDGE IT'S INSANE! Download Brawl Stars now and get a free gift from me in the game! http://supr.cl/mrbeast Thank you GoPro for supplying us with cameras...,
How Letters Get Named: ‚ÄúW‚Äù,https://www.youtube.com/watch?v=lVEgEm-VqXE,4.8M views,Loic Suberville,2 days ago,,
FIGHT HIGHLIGHTS | Te√≥fimo L√≥pez vs. George Kambosos Jr.,https://www.youtube.com/watch?v=0avqY81npVU,3.7M views,DAZN Boxing,2 days ago,"Highlights of Te√≥fimo L√≥pez vs. George Kambosos Jr. from the Hulu Theater at Madison Square Garden in New York City, New York. Subscribe to our YouTube channel üëâ http://bit.ly/DAZNBoxingYouT...",
GTA Wanted Level 100!,https://www.youtube.com/watch?v=L678M0y86dw,8.9M views,MrBeast Gaming,3 days ago,"Thanks to Displate for sponsoring this video! Get 34% off 1-2 Displates, 38% off 3-4 Displates and 42% off your order of 5+ Displates for Black Friday here - valid through 12/10 https://displate.co...",
"Billie Eilish: Same Interview, The Fifth Year | Vanity Fair",https://www.youtube.com/watch?v=_wNsZEqpKUA,3.3M views,Vanity Fair,19 hours ago,"""I'm so much more open to stuff now."" On the verge of 100 million followers, Billie Eilish is ready to step back into the world as the most comfortable version of herself. Filled with new life...",
Using Reverse Psychology To Get ANYTHING You Want,https://www.youtube.com/watch?v=HHbF8HaC4w8,25M views,Amyy Woahh,9 days ago,,
Never Spill a Drink again. ü§Ø,https://www.youtube.com/watch?v=jTihJ0RFjFc,15M views,Mrwhosetheboss Shorts,9 days ago,Full gadgets video HERE: https://youtu.be/GCmiKaLnd7M Do consider subscribing to my Shorts Channel! üëä Main Mrwhosetheboss YouTube Channel: https://www.youtube.com/user/Mrwhosetheboss #shorts...,
I Made $1 Billion in 5 Seconds and It Changed Reality - Hydroneer,https://www.youtube.com/watch?v=if_2PTZKsEo,3M views,Let's Game It Out,3 days ago,Opera GX gives you complete CONTROL over your RAM & CPU usage. Kill CPU-draining tabs! Download now for FREE: https://operagx.gg/LetsGameItOut2 Thanks to Opera for sponsoring! JOIN MY STREAMS!...,
GENIUS PEOPLE WHO BEAT THE SYSTEM!! #Shorts,https://www.youtube.com/watch?v=Hs3b4-vnWAk,12M views,Davidjustinn,9 days ago,,
Can I Use The Customers Water When Pressure Washing?,https://www.youtube.com/watch?v=j66p1e8MyZk,1.9M views,Forever Self Employed,2 days ago,,
Saint Etienne vs PSG | LIGUE 1 HIGHLIGHTS | 11/28/2021 | beIN SPORTS USA,https://www.youtube.com/watch?v=Zf17TtLeh5o,743K views,beIN SPORTS USA,2 days ago,Though Saint Etienne gave PSG a hard battle through most of the game Messi and company gave the greens a final score to keep the Parisians up top the Ligue 1 table. Catch the latest highlights...,
When you need that lowdown truth,https://www.youtube.com/watch?v=sRR3EUDJ23c,3.2M views,Drew Talbert,2 weeks ago,,
Moneybagg Yo - Scorpio [Official Music Video],https://www.youtube.com/watch?v=GChxzIwyNt4,2.2M views,MoneyBagg Yo,6 days ago,Moneybagg Yo's new album out now: https://moneybaggyo.lnk.to/AGangstasPainReloaded Follow Moneybagg Yo: https://www.instagram.com/moneybaggyo/ https://twitter.com/moneybaggyo https://www.facebook....,
Alaska Bucket List,https://www.youtube.com/watch?v=hj5Xv2L2X4M,8.4M views,Dude Perfect,8 days ago,"Dog Sledding, Ice Climbing, White Water Rafting, Salmon Fishing, and more.. Alaska is INCREDIBLE! Thanks to our friends at Bass Pro Shops for sponsoring this video! Visit Bass Pro Shops and...",
SPIDER-MAN: NO WAY HOME - Official Trailer (HD),https://www.youtube.com/watch?v=JfVOs4VSpmA,50M views,Sony Pictures Entertainment,2 weeks ago,"We started getting visitors‚Ä¶ from every universe. Watch the official trailer for #SpiderManNoWayHome, exclusively in movie theaters December 17. Tickets on sale CÃ∂yÃ∂bÃ∂eÃ∂rÃ∂ Spider-Monday,...",
Ashanti Proves Why She's The Lady Of Soul With A Medley Of Her Greatest Hits | Soul Train Awards '21,https://www.youtube.com/watch?v=mqDuiqThMZI,1.1M views,BETNetworks,2 days ago,"The 2021 Lady of Soul, Ashanti shut down the Soul Train Awards stage with performances of her greatest hits including ""Baby,"" ""Happy,"" ""Always On Time,"" ""The Way That I Love You,"" and so many...",
Imagine vaping ü§° üòÇ,https://www.youtube.com/watch?v=5Gfea7nHKO0,4.5M views,ecomedyethann,1 day ago,#explore #viral #tiktok,
Jeff Bezos vs Mansa Musa. Epic Rap Battles Of History,https://www.youtube.com/watch?v=fCeUvPL9rMc,2M views,ERB,3 days ago,Jeff Bezos vs Mansa Musa. Epic Rap Battles Of History. Huge thank you to NordVPN for sponsoring this battle! Go to https://NordVPN.com/EPIC to get a 2-year plan with a huge epic discount!...,
I Spent 100 Days in a Frozen Zombie Apocalypse in Minecraft... Part 2,https://www.youtube.com/watch?v=eRsSq78WUYk,1.6M views,Forge Labs,2 days ago,"I Spent 100 Days in a Zombie Apocalypse in Minecraft. Download and play The Battle Cats for free! Black Friday events are on now, including free log in bonus rewards, special discounts and...",
"Game Theory: FNAF, Goodbye Father (FNAF Security Breach Predictions)",https://www.youtube.com/watch?v=kbAuywE8xPo,3.8M views,The Game Theorists,7 days ago,Special thanks to Displate for sponsoring this video! Enjoy big savings on your prints for a LIMITED TIME! ‚ñ∫ https://displate.com/promo/gametheorists?art=6180340794652 Get 34% off 1-2...,
Rod Wave - By Your Side (Official Video),https://www.youtube.com/watch?v=y7394ESN91Y,11M views,RodWave,2 weeks ago,#RodWave #SoulFly #ByYourSide Stream SoulFly: http://smarturl.it/SoulFlyDeluxe Follow Rod Wave: ‚ñ∫ Instagram: https://www.instagram.com/rodwave/?hl=en ‚ñ∫ Twitter: https://twitter.com/rodwave...,
SECRET Behind Starbucks Drink Sizes (marketing),https://www.youtube.com/watch?v=OLrlV5xzWQU,3.5M views,Max Klymenko,3 days ago,#shorts #starbucks #marketing #business,
Thoughts on No Nut November?üëÄ - Larry Wheels,https://www.youtube.com/watch?v=p8xl0HIEaVQ,2.2M views,Noel Deyzel,2 days ago,"@Larry Wheels RYSE Supplements (Use code ""NOEL"" for 15% off your purchase) My current stack: (restocked) Pre-workout: https://rysesupps.com/products/project-blackout-pre-workout Best tasting...",
95th annual Macy‚Äôs Thanksgiving Day Parade takes place in New York | USA Today,https://www.youtube.com/watch?v=0F3d6e8B3bM,1.6M views,USA TODAY,Streamed 5 days ago,"The classic Macy's Thanksgiving Day Parade has been watched by millions of New York residents and millions more on television. Broadway will be showcased with performances from musicals ‚ÄúSix,...",
Taylor Swift - All Too Well: The Short Film,https://www.youtube.com/watch?v=tollGa3S0o8,50M views,Taylor Swift,2 weeks ago,"Written & Directed by: Taylor Swift Starring: Sadie Sink, Dylan O‚ÄôBrien & Taylor Swift Red (Taylor‚Äôs Version) available everywhere now: https://taylor.lnk.to/redtaylorsversion ‚ñ∫Subscribe...",
AMP THANKSGIVING REUNION,https://www.youtube.com/watch?v=E51vBBDAwM0,977K views,AMP,4 days ago,Join this channel to get access to perks: https://www.youtube.com/channel/UCJbYdyufHR-cxOuY96KIoqA/join AMP AMP AMP AMP üíú Join the AMP SQUAD on Discord: https://discord.gg/zMeuncfUc8 üì∏:...,
100 Days - [Old Minecraft],https://www.youtube.com/watch?v=hySgv7XyWaM,2.6M views,Luke TheNotable,4 days ago,"Old Minecraft is quite a trip down memory lane and in this video, Luke TheNotable attempts to survive for 100 Days in Minecraft 1.0 in the notable hardcore mode. If he dies, his world is deleted....",
You‚Äôll Never Guess Why This Is Screwed To His Face.. Orthodontist Reacts!,https://www.youtube.com/watch?v=LVK6hmQ982U,3.8M views,The Bentist,3 days ago,You‚Äôll Never Guess Why This Is Screwed To His Face.. Orthodontist Reacts! Like for more content! :) Get our new toothbrushes that give back here and support the Channel!! ‚¨áÔ∏è www.SomethingN...,
"CM Punk & MJF: The Moment the World Has Been Waiting for Didn't Disappoint | AEW Dynamite, 11/24/21",https://www.youtube.com/watch?v=SPAAKVDDEUU,2.5M views,All Elite Wrestling,6 days ago,#AEWDynamite #CMPunk #MJF Subscribe now and never miss a new video: https://www.youtube.com/c/aew?sub_confirmation=1 AEW Dynamite airs every Wednesday night 8e/7c on TNT **AEW DYNAMITE MOVES...,
"POV everyone gets a mark on their arm when they lie, except for him‚Ä¶",https://www.youtube.com/watch?v=qAGUAXfdlOw,7M views,Ian Boggs,6 days ago,Inspired by @NicoleRodgers on TikTok (https://www.tiktok.com/@nicolerodge?) // Follow me on IG for your daily dose of Ian! üôåüèº IG: https://www.instagram.com/ianboggz/ Hey Ian Nation!...,
how my claire‚Äôs piercing got infected‚Ä¶üòê,https://www.youtube.com/watch?v=QCrCl3za2Qo,5.7M views,BENOFTHEWEEK,6 days ago,oopsie,
World‚Äôs Sharpest Knife!,https://www.youtube.com/watch?v=ySXPnjStay4,7.6M views,Beast Reacts,1 day ago,Chris and I react to the greatest item hacks in the world! CHECK OUT THESE CHANNELS OR ELSE Experimental Fun https://www.youtube.com/watch?v=5ZchgU9KLOc Louis Weisz https://www.youtube.com/watc...,
BTS & Papa Mochi Are Reunited!,https://www.youtube.com/watch?v=pRl2tawentY,9.4M views,The Late Late Show with James Corden,7 days ago,"In this extended interview, James welcomes BTS back to the Late Late Show couch after not seeing each other in person for 2 years and RM cuts to the chase to clear the air with Papa Mochi....",
The Weeknd - Die For You (Official Music Video),https://www.youtube.com/watch?v=uPD0QOGTmMI,12M views,The Weeknd,6 days ago,"Official music video for The Weeknd ‚ÄúDie For You‚Äù, from Starboy available everywhere now: http://theweeknd.co/Starboy ‚ñ∫Subscribe to The Weeknd on YouTube: http://theweeknd.co/subscribeYD...",
I Pushed DanTDM Off A Bridge...,https://www.youtube.com/watch?v=rG5Op069fqY,2.5M views,Tom Simons,3 days ago,I can't believe we did this LMAO Please subscribe out of pure pity. friend: @DanTDM Socials: Follow my Twitter - @tomsimons Follow my Instagram - @tommyinnit,
Fired?,https://www.youtube.com/watch?v=AV1gnTSOsNk,1.8M views,Dani Razooqi,3 days ago,,
Shaq Goes Sneaker Shopping With Complex,https://www.youtube.com/watch?v=VfOtgxp4Fng,1M views,Complex,1 day ago,"Shaquille O‚ÄôNeal goes Sneaker Shopping with Complex‚Äôs Joe La Puma at A Ma Maniere in Atlanta and talks about signing to Reebok, starting his own sneaker brand, and the problems he‚Äôs dealt...",
Most People Don't Know How Bikes Work,https://www.youtube.com/watch?v=9cNmUNHSBac,3.8M views,Veritasium,2 days ago,"Why are bicycles stable? The most common answer is gyroscopic effects, but this is not right. This video was sponsored by Kiwico. Get 50% off your first month of any crate at https://kiwico.com/ver...",
Jackboy - Don't Force My Hand (Official Video),https://www.youtube.com/watch?v=5nsul6Kjo2E,4.3M views,1804 Jackboy,13 days ago,"#Jackboy #DontForceMyHand #1804Records Stream ""Don't Force My Hand"" Now: https://music.empi.re/dontforcemyhand Official Video by Jackboy - Don't Force My Hand¬© 2021 1804 Records / EMPIRE",
JAY - END OF DISCUSSION (Official Music Video) -RichBoyTroy DISS,https://www.youtube.com/watch?v=JINaP4N5Xp8,592K views,Imbadkidjay,2 days ago,JAY - END OF DISCUSSION (Official Music Video) -RichBoyTroy DISS More Videos ‚ûî https://www.youtube.com/channel/UCPmQ... -------------------------------------------------------------------------...,
Is Meat Really that Bad?,https://www.youtube.com/watch?v=F1Hq8eVOMHs,2M views,Kurzgesagt ‚Äì In a Nutshell,21 hours ago,"The first 1,000 people to use this link will get a 1 month free trial of Skillshare: https://skl.sh/kurzgesagtinanutshell11211 Sources & further reading: https://sites.google.com/view/sources-clim...",
WALMART WORKERS ARE SOMETHING ELSE üíÄüò≠ #shorts,https://www.youtube.com/watch?v=_4mJn3hFdXo,9.3M views,Sharukh Sharukh,9 days ago,,
Nardo Wick - Me or Sum (feat. Future & Lil Baby) [Official Audio],https://www.youtube.com/watch?v=olKxFg0j-Ow,424K views,Nardo Wick,1 day ago,Nardo Wick - Me or Sum (feat. Future & Lil Baby) [Official Audio] Stream/Download: https://NardoWick.lnk.to/MeOrSumID Who Is Nardo Wick - Out 12.3: http://whoisnardowick.com Subscribe: https://N...,
Can you escape this Ender Dragon Minecraft Prison??,https://www.youtube.com/watch?v=HkqG2kcsMW0,2.2M views,SeaWattgaming,4 days ago,Can you escape this Ender Dragon Minecraft Prison?? Download Monster Legends for free to claim special rewards before Dec 8th: https://monsterlegends.onelink.me/QSYm/MLNovember2 PLEASE JOIN...,
Iman Shumpert‚Äôs Freestyle ‚Äì Dancing with the Stars,https://www.youtube.com/watch?v=ZzQWzYWjhmE,1.7M views,Dancing With The Stars,8 days ago,Iman Shumpert and Daniella Karagach dance Freestyle to ‚ÄúLose Control / Bounce‚Äù by Missy Elliott ft. Ciara & Fat Man Scoop / DJ Clent on the Dancing with the Stars Finale! Subscribe: http://goo...,
Bruno Mars & Anderson .Paak as Silk Sonic - Smokin Out The Window (LIVE American Music Awards 2021),https://www.youtube.com/watch?v=nAUwKeO93bY,5.7M views,Bruno Mars,9 days ago,"Bruno Mars, Anderson .Paak, Silk Sonic - Smokin Out The Window - Live from the American Music Awards 2021 ‚ÄòAn Evening with Silk Sonic‚Äô available now: https://SilkSonic.lnk.to/AEWSSID ...",
EST Gee - Lamborghini Geeski (Official Music Video),https://www.youtube.com/watch?v=3fIJV2W5PhM,2.4M views,EST Gee,11 days ago,Listen to EST Gee's ‚ÄúLamborghini Geeski‚Äù available on all platforms: https://estgee.lnk.to/LamborghiniGeeski Follow EST Gee: https://twitter.com/ESTGEE https://www.instagram.com/est.gee...,
